Samples,Total_SNPs,Missing_genotype,Homozygous,Heterozygous,Ti,Tv,TivsTv,Intergenic,Intronic,Exonic,Splicing,ncRNA,Downstream,Upstream,UTR3,UTR5,Unknown
P002190812016,2876075,165718,1750898,1125177,3075114,1551859,1.9815679130642667,1672602,949285,16284,61,177678,18318,17154,19433,4386,874
P002190812017,3012294,124033,1754724,1257570,3165862,1601156,1.9772351975697557,1750712,995589,16968,64,185466,19345,18217,20248,4764,921
